INSERT INTO users (id, name, surname, organization, user_role) values
('65ba50d9-57bb-4bd1-aab5-073432238f4d','Farah', 'Blackmore', NULL, 'admin'),
('ff4dc89c-6b69-4849-8a32-bee1f423e66c','Lily-Anne', 'Parra', 'Advertisingx', 'client'),
('fd66a19f-aad4-4cb8-ba29-f1898aad8cdb','Glenda', 'Jimenez', 'Net Web', 'client'),
('905af12c-97d7-4a46-8140-8d35f99cdf94','Yanis', 'Lugo', 'Send Design', 'client'),
('0e512232-87c5-4c84-ba8d-ef84e4118c5d','Emily', 'Holland', 'Know Design', 'client'),
('240647ae-17a2-4e88-b92e-3e8ab7e1b3a5','Shauna', 'Sutherland', 'Grind Mailing', 'client'),
('e1726df7-00cc-49f3-8836-b02370aab32f','Alexie', 'Cox', 'Boot Design', 'client'),
('ceafaa46-8d75-4f4a-9213-9aec6c488835','Kade', 'Mclean', 'Multiply Mailing', 'client'),
('59eb7f35-4f84-4c53-91fb-fd3c4bb01e25','Jared', 'Sharples', 'Frontline Design', 'client'),
('99398d01-d223-4b67-8205-202e9f3583a0','Leon', 'Millar', 'Paper Mailing', 'client'),
('509dda94-c7cf-4443-a1f0-0b78cb3855e3','Konrad', 'Caldwell', 'Fuse Mailing', 'client'),
('0a96e493-6de2-433c-aa18-6ddb2f1caaa5','Millicent', 'Mcghee', 'Loop Advertising', 'client'),
('7fa923b7-90c6-44df-ab6c-a781b05dfcf0','Kamron', 'Harrison', 'Metric Mailing', 'client'),
('e5a35fd7-1111-4ec8-8cf3-6a11b140f1b3','Caio', 'Macias', 'Laced Entertainment', 'client'),
('5ff3e6db-9e9f-47ed-ad95-c5b29d87f468','Vicky', 'Potter', 'Designistic', 'client'),
('b802897c-282d-4015-8a29-d37186dbfd3c','Patience', 'Jacobson', 'Hype Web', 'client'),
('0a6c92df-efe1-4aa8-b8a6-15c319b37ce0','Vishal', 'Clegg', 'Designya', 'client'),
('cdf40f15-c2f5-44b5-bc00-83ffef5d8920','Habiba', 'Spencer', 'Muse Entertainment', 'client'),
('a15fa68c-4106-403f-adb7-dd0a9efdb627','Raj', 'Lucero', 'Advertisingadora', 'client'),
('82c536ef-eb60-49ef-b6f8-f6a55e06cfcb','Ebony', 'Quinn', 'Blueprint Advertising', 'client'),
('46948fb8-a9d1-4b8d-94bb-e74fac7775c7','Monet', 'Crosby', 'Audit Advertising', 'client'),
('2cc185f6-adbe-4be3-8b9f-23b2a565dab5','Zunaira', 'Lord', 'Peer Design', 'client'),
('71d9b7e2-b0ab-49af-8b8c-6560a8327529','Taylor', 'Gallagher', 'Bravo Mailing', 'client'),
('5dcc3430-e18f-4829-9675-24b9d1286063','Freja', 'Devlin', 'Traffic Design', 'client'),
('ea9bff82-1469-4238-849b-be6aa8a73657','Roosevelt', 'Pugh', 'Sparrow Mailing', 'client'),
('1299e7a2-5984-4cf5-88b2-f3cb2a284203','Shelbie', 'Villarreal', 'Insight Entertainment', 'client'),
('98a44a22-498f-4fb1-aa6b-921fcb6727d9','Aamina', 'Connor', 'Project Design', 'client'),
('c662a751-2ab3-43a9-b7e4-2dcac8dfb546','Denis', 'Neville', 'Evergreen Design', 'client'),
('e813b7b9-7b95-4ea5-9516-bfcd84baa5e0','Callum', 'Sargent', 'Advertisingverse', 'client'),
('34789c56-0099-48ee-b51c-54c51bb5b123','Andy', 'Sullivan', 'Trace Mailing', 'client'),
('137f1f1b-48a0-42fa-a63a-348ec3e73134','Muneeb', 'Villanueva', 'Magenta Entertainment', 'client'),
('af93fd88-2e3d-4bf3-99ff-4435d0f6527c','Celyn', 'Barber', 'Solar Mailing', 'client'),
('381a6262-38a1-49f8-88b5-00284a0f8a46','Darcie-Mae', 'Young', 'Point Design', 'client'),
('66d8ed1e-539b-45df-9508-01036cf70bb9','Aronas', 'Wormald', 'Webster', 'client'),
('3f04aaaa-77cf-4ca3-a369-ce781ebbc576','Nola', 'Edmonds', 'Infinity Web', 'client'),
('d1ce4798-de7b-419b-a54e-43fe69727276','Meadow', 'Blair', 'Major Advertising', 'client'),
('b0e75736-aa0d-4ecd-a5d4-1250c392ed71','Rumaysa', 'Fernandez', 'Chroma Advertising', 'client'),
('34466606-be11-4645-bf45-5ea2331235ff','Kaya', 'Thorpe', 'Force Web', 'client'),
('caf39c7b-c35d-4063-8623-240c090337d5','Ayla', 'Torres', 'Take Mailing', 'client'),
('2ba9e55b-a0eb-48ca-9198-05fe7035e3f7','Amalie', 'Burton', 'Mailingquipo', 'client'),
('71f5d072-8516-4934-a944-a5e9153e4cba','Griff', 'Squires', 'Stellar Design', 'client'),
('63c51535-87b3-45bb-976d-0dbf8e1ac1dc','Jill', 'Lewis', 'Force Design', 'client'),
('87297395-c5c6-4a6e-b5ae-72039c8d8e95','Kaila', 'Southern', 'Promo Mailing', 'client'),
('d9860b1d-751b-450d-9b6f-5c95e498f686','Nabilah', 'Cornish', 'Progress Design', 'client'),
('61c37718-0f43-4a93-b1e7-87e5812d85c9','Emily-Jane', 'Robins', 'Dash Web', 'client'),
('7dd174c4-b83d-46bf-954f-a7e3e2ebb428','Reanna', 'Thompson', 'Strategy Mailing', 'client'),
('b04c05ad-621f-41c2-a510-95924f2fcbd4','Jobe', 'Evans', 'Shout Advertising', 'client'),
('88f5ff78-a1b5-4945-a50f-3b6a81541206','Seren', 'Harvey', 'Mailingly', 'client'),
('ec6bfda0-76f1-4db8-b052-05d91c1f1b8b','Izabella', 'Feeney', 'App Advertising', 'client'),
('47d2f690-b02f-4b5d-bd1b-c9e4aab528c7','Ihsan', 'Shelton', 'Broadcast Entertainment', 'client'),
('f026e922-650a-4cca-bca2-8561327b782e','Dylan', 'Townsend', 'Herald Advertising', 'client'),
('b5170faf-e8b2-4e97-bfc8-106e20d9250f','Katerina', 'Collier', 'Republic Mailing', 'client'),
('c0eb29ed-8de0-4091-a31d-bdea016ae246','Ariyan', 'Naylor', 'View Web', 'client'),
('ca042241-4331-42c4-b904-51965d28361d','Kallum', 'Lara', 'Change Advertising', 'client'),
('d9dfe34e-fd2b-40bd-8419-79a7a33b5475','Isla-Mae', 'House', 'Flawless Mailing', 'client'),
('3050d538-f809-4d80-90a5-877b6d3f4d56','Tea', 'Duggan', 'Vortex Web', 'client'),
('72bda6d7-5b64-4891-b0ed-754556ed6ba9','Aaminah', 'Hartley', 'Level Web', 'client'),
('17f1341a-d870-463f-a25a-f66254feac11','Nabiha', 'Holden', 'Solar Entertainment', 'client'),
('0b679ddf-f9bb-482d-baef-1c40a0bb65d9','Jaidan', 'Mays', 'Focus Mailing', 'client'),
('45ea1a87-775b-4a79-adb7-5244b84c7173','Cain', 'Perkins', 'Mailingtastic', 'client'),
('6df1f50e-a04f-4824-9d1c-89511fc6265f','Bessie', 'Kay', 'Byte Design', 'client'),
('a890aeeb-ac0b-4a62-a4bd-3011b3739427','Alisha', 'Charles', 'Margin Design', 'client'),
('fa98a6f5-2cdc-4eed-bc64-b404927cab5d','Juniper', 'Hinton', 'Insight Web', 'client'),
('a80381d9-56e9-4f2d-8a1f-d4c7acf6cf41','Duke', 'Campos', 'Disclosure Web', 'client'),
('99832087-234f-409b-9e84-cc69996d8588','Zaydan', 'Proctor', 'Discuss Advertising', 'client'),
('e1b7869c-598d-4784-9eec-f232b7dfc565','Cherry', 'Mckee', 'Workbench Entertainment', 'client'),
('40b47400-b631-41d6-9ec2-1e908e966333','Amanah', 'Mejia', 'View Entertainment', 'client'),
('577a0a5e-707a-45f3-9d19-74a69cc8c062','Maria', 'Bernal', 'Spark Entertainment', 'client'),
('19772086-ff9c-4b38-8f6f-6455164b4974','Caius', 'Winters', 'Inform Advertising', 'client'),
('b2ccf24d-0929-4414-a929-491f7416c728','Ellesha', 'Shannon', 'Pulse Mailing', 'client'),
('637de3bb-61b2-4e9c-8d7a-7b3ae0a9f12e','Mustafa', 'Donnelly', 'Fuel Web', 'client'),
('25f96cd0-2bd6-40b7-af6c-20488807b333','Celia', 'Pena', 'Bam Design', 'client'),
('f4912f49-4161-42df-954c-87f04851ff1f','Fathima', 'Clemons', 'Advantage Web', 'client'),
('5e72e868-3a05-4436-8003-9d7b3535f36d','Tina', 'Martins', 'Serendipity Design', 'client'),
('ce6a66e7-63c0-4fa6-8de1-5182441d90da','Ellie-Mai', 'Clements', 'Fuze Mailing', 'client'),
('e04b6ee8-cd82-40b7-ba6e-d69af85964ca','Luna', 'Stuart', 'Hunt Guard', 'guard'),
('ff66ef06-bf09-45bf-a880-5f0c6d255ca1','Holli', 'Shepherd', 'Hunt Guard', 'guard'),
('f3688231-fd53-4134-a764-c8882ca9bef8','Humayra', 'Rich', 'Hunt Guard', 'guard'),
('14d86753-4301-4703-a247-4308bfa1823a','Bree', 'Suarez', 'Hunt Guard', 'guard'),
('64f48c0f-3b87-47f9-b9ec-ccec6b45d56f','Ellie', 'Lowery', 'Hunt Guard', 'guard'),
('755b4bba-e3b7-4945-a9b3-4ab44138fec1','Patricia', 'Ellwood', 'Hunt Guard', 'guard'),
('c3aa354b-45a2-48f5-ba3d-0d7cd6c5b224','Anand', 'Haynes', 'Hunt Guard', 'guard'),
('12ab1e58-213d-4d34-a827-2670405b6667','Mimi', 'Fountain', 'Hunt Guard', 'guard'),
('857efa24-d298-4122-89b7-a2c059eb0a7a','Teodor', 'Childs', 'Hunt Guard', 'guard'),
('46f80fe2-097f-4d1a-9c53-09ae3ea506d4','Abdur-Rahman', 'Boyd', 'Hunt Guard', 'guard'),
('5ae8fdae-3e73-40b3-99d7-22a603bc7ce0','Nikolas', 'Rossi', 'Hunt Guard', 'guard'),
('29da0428-a8b8-4bfc-a5de-472c8d5822df','Winnie', 'Gill', 'Hunt Guard', 'guard'),
('0d9715c9-1ee0-4572-900b-2829d84c5eea','Arlo', 'Norris', 'Hunt Guard', 'guard'),
('1543c2f9-97a4-4e40-97a6-3c26f1cb39ad','Efa', 'Beattie', 'Hunt Guard', 'guard'),
('ab9604d4-1649-42ca-a21c-1a58d6547667','Rohan', 'Duarte', 'Hunt Guard', 'guard'),
('55b29adf-0e4a-4c2a-b852-f32dbfc781fc','Leen', 'Gray', 'Hunt Guard', 'guard'),
('a9985461-10c2-484f-8adf-9648bc52678c','Rehaan', 'Jaramillo', 'Hunt Guard', 'guard'),
('df926426-a663-42fb-84c3-2585009ab0be','Olivia-Rose', 'Blackburn', 'Hunt Guard', 'guard'),
('9721dfbd-bdca-41f1-adf5-bd5e84b82794','Manahil', 'Ward', 'Hunt Guard', 'guard'),
('0f3079f5-a8f0-4982-8a52-c02d88176efd','Roxanne', 'Baird', 'Hunt Guard', 'guard'),
('292830b1-35a0-4b6b-b0a1-0e9606bbe80b','Kylie', 'Schmitt', 'Hunt Guard', 'guard'),
('cdfc5571-840f-4ed9-8b41-765f19d27a35','Bethany', 'Alfaro', 'Hunt Guard', 'guard'),
('463e0e4e-56f9-48b0-92da-47d1d97bd195','Reagan', 'Whittington', 'Hunt Guard', 'guard'),
('bb39bc0a-ad4f-42b8-a38d-1e6d859d8038','Carmel', 'Correa', 'Hunt Guard', 'guard'),
('b3c55f6c-32d0-4c14-aee9-ced72d300101','Faisal', 'David', 'Hunt Guard', 'guard');

insert into guards (id, user_id, geolocation, available) values
(1, 'e04b6ee8-cd82-40b7-ba6e-d69af85964ca', 'POINT(27.058287 53.761538)', false),
(2, 'ff66ef06-bf09-45bf-a880-5f0c6d255ca1', 'POINT(27.956319 53.254534)', false),
(3, 'f3688231-fd53-4134-a764-c8882ca9bef8', 'POINT(27.255541 53.290679)', false),
(4, '14d86753-4301-4703-a247-4308bfa1823a', 'POINT(27.560722 53.388164)', false),
(5, '64f48c0f-3b87-47f9-b9ec-ccec6b45d56f', 'POINT(27.992259 53.576874)', true),
(6, '755b4bba-e3b7-4945-a9b3-4ab44138fec1', 'POINT(27.211035 53.125389)', true),
(7, 'c3aa354b-45a2-48f5-ba3d-0d7cd6c5b224', 'POINT(27.880164 53.302044)', false),
(8, '12ab1e58-213d-4d34-a827-2670405b6667', 'POINT(27.586681 53.434857)', false),
(9, '857efa24-d298-4122-89b7-a2c059eb0a7a', 'POINT(27.715771 53.551374)', true),
(10, '46f80fe2-097f-4d1a-9c53-09ae3ea506d4', 'POINT(27.734169 53.881518)', false),
(11, '5ae8fdae-3e73-40b3-99d7-22a603bc7ce0', 'POINT(27.840186 53.20385)', false),
(12, '29da0428-a8b8-4bfc-a5de-472c8d5822df', 'POINT(27.285306 53.823173)', false),
(13, '0d9715c9-1ee0-4572-900b-2829d84c5eea', 'POINT(27.45227 53.821902)', true),
(14, '1543c2f9-97a4-4e40-97a6-3c26f1cb39ad', 'POINT(27.369642 53.760817)', false),
(15, 'ab9604d4-1649-42ca-a21c-1a58d6547667', 'POINT(27.246665 53.056375)', true),
(16, '55b29adf-0e4a-4c2a-b852-f32dbfc781fc', 'POINT(27.696354 53.618631)', false),
(17, 'a9985461-10c2-484f-8adf-9648bc52678c', 'POINT(27.804866 53.582471)', false),
(18, 'df926426-a663-42fb-84c3-2585009ab0be', 'POINT(27.673434 53.057465)', true),
(19, '9721dfbd-bdca-41f1-adf5-bd5e84b82794', 'POINT(27.455572 53.598766)', true),
(20, '0f3079f5-a8f0-4982-8a52-c02d88176efd', 'POINT(27.818657 53.820885)', true),
(21, '292830b1-35a0-4b6b-b0a1-0e9606bbe80b', 'POINT(27.986403 53.72048)', false),
(22, 'cdfc5571-840f-4ed9-8b41-765f19d27a35', 'POINT(27.455425 53.957382)', false),
(23, '463e0e4e-56f9-48b0-92da-47d1d97bd195', 'POINT(27.074949 53.379542)', false),
(24, 'bb39bc0a-ad4f-42b8-a38d-1e6d859d8038', 'POINT(27.96195 53.553792)', true),
(25, 'b3c55f6c-32d0-4c14-aee9-ced72d300101', 'POINT(27.705551 53.01406)', true);

INSERT INTO panics (user_id , geolocation, guard_id, resolved_at) VALUES
('ff4dc89c-6b69-4849-8a32-bee1f423e66c', 'POINT(27.673964 53.841507)', null, null),
('ff4dc89c-6b69-4849-8a32-bee1f423e66c', 'POINT(27.853394 53.514907)', 6, '2020-11-11T15:01:04.065Z'),
('ff4dc89c-6b69-4849-8a32-bee1f423e66c', 'POINT(27.864453 53.921442)', null, null),
('ff4dc89c-6b69-4849-8a32-bee1f423e66c', 'POINT(27.813249 53.28096)', null, null),
('ff4dc89c-6b69-4849-8a32-bee1f423e66c', 'POINT(27.844812 53.946838)', 1, '2020-11-11T15:01:04.065Z'),
('ff4dc89c-6b69-4849-8a32-bee1f423e66c', 'POINT(27.262453 53.75216)', 13, '2020-11-11T15:01:04.065Z'),
('ff4dc89c-6b69-4849-8a32-bee1f423e66c', 'POINT(27.890394 53.996707)', 18, '2020-11-11T15:01:04.065Z'),
('ff4dc89c-6b69-4849-8a32-bee1f423e66c', 'POINT(27.906671 53.262464)', null, null),
('ff4dc89c-6b69-4849-8a32-bee1f423e66c', 'POINT(27.660234 53.522804)', null, null),
('ff4dc89c-6b69-4849-8a32-bee1f423e66c', 'POINT(27.108865 53.492249)', null, null),
('ff4dc89c-6b69-4849-8a32-bee1f423e66c', 'POINT(27.671545 53.015446)', null, null),
('ff4dc89c-6b69-4849-8a32-bee1f423e66c', 'POINT(27.938894 53.804649)', null, null),
('ff4dc89c-6b69-4849-8a32-bee1f423e66c', 'POINT(27.364256 53.486778)', 16, '2020-11-11T15:01:04.065Z'),
('ff4dc89c-6b69-4849-8a32-bee1f423e66c', 'POINT(27.251909 53.660549)', 7, '2020-11-11T15:01:04.065Z'),
('ff4dc89c-6b69-4849-8a32-bee1f423e66c', 'POINT(27.512822 53.702949)', null, null),
('ff4dc89c-6b69-4849-8a32-bee1f423e66c', 'POINT(27.40597 53.475901)', 14, '2020-11-11T15:01:04.065Z'),
('ff4dc89c-6b69-4849-8a32-bee1f423e66c', 'POINT(27.119353 53.533797)', null, null),
('ff4dc89c-6b69-4849-8a32-bee1f423e66c', 'POINT(27.180334 53.746865)', null, null),
('ff4dc89c-6b69-4849-8a32-bee1f423e66c', 'POINT(27.437393 53.254099)', null, null),
('ff4dc89c-6b69-4849-8a32-bee1f423e66c', 'POINT(27.070383 53.943377)', 11, '2020-11-11T15:01:04.065Z'),
('ff4dc89c-6b69-4849-8a32-bee1f423e66c', 'POINT(27.262729 53.630603)', 11, '2020-11-11T15:01:04.065Z'),
('ff4dc89c-6b69-4849-8a32-bee1f423e66c', 'POINT(27.951417 53.766126)', null, null),
('ff4dc89c-6b69-4849-8a32-bee1f423e66c', 'POINT(27.490558 53.660982)', 18, '2020-11-11T15:01:04.065Z'),
('ff4dc89c-6b69-4849-8a32-bee1f423e66c', 'POINT(27.460148 53.795757)', null, null),
('ff4dc89c-6b69-4849-8a32-bee1f423e66c', 'POINT(27.21619 53.079189)', null, null),
('ff4dc89c-6b69-4849-8a32-bee1f423e66c', 'POINT(27.8524 53.674393)', null, null),
('ff4dc89c-6b69-4849-8a32-bee1f423e66c', 'POINT(27.7845 53.902145)', null, null),
('ff4dc89c-6b69-4849-8a32-bee1f423e66c', 'POINT(27.699961 53.021792)', null, null),
('ff4dc89c-6b69-4849-8a32-bee1f423e66c', 'POINT(27.600965 53.384562)', 2, '2020-11-11T15:01:04.065Z'),
('ff4dc89c-6b69-4849-8a32-bee1f423e66c', 'POINT(27.404993 53.516958)', null, null),
('ff4dc89c-6b69-4849-8a32-bee1f423e66c', 'POINT(27.58478 53.789813)', 23, '2020-11-11T15:01:04.065Z'),
('ff4dc89c-6b69-4849-8a32-bee1f423e66c', 'POINT(27.808225 53.729197)', null, null),
('ff4dc89c-6b69-4849-8a32-bee1f423e66c', 'POINT(27.542722 53.863924)', null, null),
('ff4dc89c-6b69-4849-8a32-bee1f423e66c', 'POINT(27.096946 53.870231)', null, null),
('ff4dc89c-6b69-4849-8a32-bee1f423e66c', 'POINT(27.678239 53.461186)', 9, '2020-11-11T15:01:04.065Z'),
('ff4dc89c-6b69-4849-8a32-bee1f423e66c', 'POINT(27.643121 53.078176)', null, null),
('ff4dc89c-6b69-4849-8a32-bee1f423e66c', 'POINT(27.568531 53.788469)', 11, '2020-11-11T15:01:04.065Z'),
('ff4dc89c-6b69-4849-8a32-bee1f423e66c', 'POINT(27.828969 53.113044)', null, null),
('ff4dc89c-6b69-4849-8a32-bee1f423e66c', 'POINT(27.182848 53.049585)', 23, '2020-11-11T15:01:04.065Z'),
('ff4dc89c-6b69-4849-8a32-bee1f423e66c', 'POINT(27.368763 53.672699)', null, null),
('ff4dc89c-6b69-4849-8a32-bee1f423e66c', 'POINT(27.060647 53.645616)', null, null),
('ff4dc89c-6b69-4849-8a32-bee1f423e66c', 'POINT(27.93704 53.344538)', 5, '2020-11-11T15:01:04.065Z'),
('ff4dc89c-6b69-4849-8a32-bee1f423e66c', 'POINT(27.75305 53.815638)', 8, '2020-11-11T15:01:04.066Z'),
('ff4dc89c-6b69-4849-8a32-bee1f423e66c', 'POINT(27.306963 53.13285)', 6, '2020-11-11T15:01:04.066Z'),
('ff4dc89c-6b69-4849-8a32-bee1f423e66c', 'POINT(27.861548 53.277092)', 2, '2020-11-11T15:01:04.066Z'),
('ff4dc89c-6b69-4849-8a32-bee1f423e66c', 'POINT(27.24742 53.234328)', 17, '2020-11-11T15:01:04.066Z'),
('ff4dc89c-6b69-4849-8a32-bee1f423e66c', 'POINT(27.378323 53.667391)', null, null),
('ff4dc89c-6b69-4849-8a32-bee1f423e66c', 'POINT(27.748572 53.981488)', 7, '2020-11-11T15:01:04.066Z'),
('ff4dc89c-6b69-4849-8a32-bee1f423e66c', 'POINT(27.648089 53.266486)', 18, '2020-11-11T15:01:04.066Z'),
('ff4dc89c-6b69-4849-8a32-bee1f423e66c', 'POINT(27.54613 53.376048)', null, null);