INSERT INTO users (id, name, surname, organization, user_role) values
('2d21d82a-afd7-4965-abc9-1276f4495b14','Farah', 'Blackmore', NULL, 'admin'),
('5e5de8f2-a152-4285-b7a2-f072ae5bb1ee','Lily-Anne', 'Parra', 'Advertisingx', 'client'),
('ff48f7c9-fd78-486d-befb-77b900568220','Glenda', 'Jimenez', 'Net Web', 'client'),
('a5306295-60e2-4480-b4f3-962cefce5c2d','Yanis', 'Lugo', 'Send Design', 'client'),
('b57a9e3d-6c49-466b-8ec5-8ee354f26810','Emily', 'Holland', 'Know Design', 'client'),
('148472f6-b0f4-4df8-8f43-00369463582d','Shauna', 'Sutherland', 'Grind Mailing', 'client'),
('b2b27c66-d364-49c7-9a9e-8604617747e6','Alexie', 'Cox', 'Boot Design', 'client'),
('80fbcd06-c048-40a6-b9bd-633c7b7f5853','Kade', 'Mclean', 'Multiply Mailing', 'client'),
('9dd0a1d3-6fd9-4c31-8d88-5fb6c58f2874','Jared', 'Sharples', 'Frontline Design', 'client'),
('f08442f3-d486-4c24-a305-524ad025dd75','Leon', 'Millar', 'Paper Mailing', 'client'),
('424e62b6-23d3-4b64-b0e6-fc4ab637e4b7','Konrad', 'Caldwell', 'Fuse Mailing', 'client'),
('8caf53f8-b995-4958-842e-00c14bdbca5c','Millicent', 'Mcghee', 'Loop Advertising', 'client'),
('b9095d00-8115-4e22-ad3d-58bdea97651a','Kamron', 'Harrison', 'Metric Mailing', 'client'),
('d8308fa8-4ef6-4ff9-85f0-5cacbe7cc67d','Caio', 'Macias', 'Laced Entertainment', 'client'),
('2328ab09-855f-4b1c-84d9-8f9ebe27e2d5','Vicky', 'Potter', 'Designistic', 'client'),
('8921709e-c98a-44e6-86a7-06a7a2bd13e1','Patience', 'Jacobson', 'Hype Web', 'client'),
('8a7bc2d0-b030-4093-a7e4-e7f097199bba','Vishal', 'Clegg', 'Designya', 'client'),
('c5b25643-5dc2-4005-a657-957f1dba07f2','Habiba', 'Spencer', 'Muse Entertainment', 'client'),
('9a4c14ee-4980-4bde-b3ff-58d29f930f10','Raj', 'Lucero', 'Advertisingadora', 'client'),
('24666878-fde9-4a8f-a7ef-f1e312147e7c','Ebony', 'Quinn', 'Blueprint Advertising', 'client'),
('a853fdfb-d409-4600-8ca9-d59fa5bcd998','Monet', 'Crosby', 'Audit Advertising', 'client'),
('cbf492ca-c46d-4bae-953f-3f746e48eed8','Zunaira', 'Lord', 'Peer Design', 'client'),
('b2c01152-a6e5-411e-8c86-2ff351c83ea8','Taylor', 'Gallagher', 'Bravo Mailing', 'client'),
('b0e2b59d-95d8-4281-9ed1-8f3de198b6d4','Freja', 'Devlin', 'Traffic Design', 'client'),
('747aa494-15be-4764-b212-e2b7315a9c29','Roosevelt', 'Pugh', 'Sparrow Mailing', 'client'),
('b8b4db90-da5c-4fe8-9e66-06898664ef4c','Shelbie', 'Villarreal', 'Insight Entertainment', 'client'),
('060b327f-0fde-4c05-add0-105f951abb86','Aamina', 'Connor', 'Project Design', 'client'),
('a2a7165e-d90c-4170-84f5-3753d43bf332','Denis', 'Neville', 'Evergreen Design', 'client'),
('a1bf8f9d-906c-4763-994e-7e2d2ace1845','Callum', 'Sargent', 'Advertisingverse', 'client'),
('599397ce-c748-42d4-8fb3-7cde07157a16','Andy', 'Sullivan', 'Trace Mailing', 'client'),
('3c12176a-b1c2-4057-ac44-356d8fffc35d','Muneeb', 'Villanueva', 'Magenta Entertainment', 'client'),
('0f8d90cb-cb45-4dc7-93a2-5ea20fc03f75','Celyn', 'Barber', 'Solar Mailing', 'client'),
('3d6736b9-b321-4678-927d-b81b19cddd12','Darcie-Mae', 'Young', 'Point Design', 'client'),
('3f53225e-a1af-4d35-9ecb-7eed08ce90b4','Aronas', 'Wormald', 'Webster', 'client'),
('64bafb57-5d73-4a91-8af8-7643d89b9b00','Nola', 'Edmonds', 'Infinity Web', 'client'),
('def7ea57-b0b0-4dd1-bb3c-c01ff0d51ea7','Meadow', 'Blair', 'Major Advertising', 'client'),
('603486cb-121c-428e-bde6-144749ccb6c6','Rumaysa', 'Fernandez', 'Chroma Advertising', 'client'),
('11feaa6b-7fea-4dd6-93b1-ea233f8f9bcc','Kaya', 'Thorpe', 'Force Web', 'client'),
('75d56403-e3d4-4597-b6be-ee238f499e58','Ayla', 'Torres', 'Take Mailing', 'client'),
('0f5cf01e-a051-464c-a839-2ea836ba59cf','Amalie', 'Burton', 'Mailingquipo', 'client'),
('980c53fd-b453-4bbd-b444-d7d3a3015ca8','Griff', 'Squires', 'Stellar Design', 'client'),
('f55baf87-9d25-4842-b643-41141693295a','Jill', 'Lewis', 'Force Design', 'client'),
('15cd4a3e-686a-4092-9e35-72ee073e00ac','Kaila', 'Southern', 'Promo Mailing', 'client'),
('ef8763cc-f8f6-4847-a173-5701574b4433','Nabilah', 'Cornish', 'Progress Design', 'client'),
('b2734140-9258-4208-bd68-9fcaf1d20dc9','Emily-Jane', 'Robins', 'Dash Web', 'client'),
('a4d72195-33fb-431e-8026-b68d2eb864ad','Reanna', 'Thompson', 'Strategy Mailing', 'client'),
('f45a8ff3-9c0a-48e6-8620-dd26deba5eca','Jobe', 'Evans', 'Shout Advertising', 'client'),
('9721725c-1916-45e5-9cfa-0a12aa9e0223','Seren', 'Harvey', 'Mailingly', 'client'),
('801d6b5e-3ddb-4ee7-984d-234a6b754e6e','Izabella', 'Feeney', 'App Advertising', 'client'),
('33a9f1e0-c083-4c2d-b430-f9e1dbd7cc70','Ihsan', 'Shelton', 'Broadcast Entertainment', 'client'),
('5f84e255-0bc7-40e7-9944-7a6cbdcb151b','Dylan', 'Townsend', 'Herald Advertising', 'client'),
('4fdf637b-767c-42b4-bea7-e0a78e2efc45','Katerina', 'Collier', 'Republic Mailing', 'client'),
('e0d8a517-cdd0-4e7c-aba1-5296009443a1','Ariyan', 'Naylor', 'View Web', 'client'),
('22a0e7e5-1142-4b1f-b0f2-0ba34a631394','Kallum', 'Lara', 'Change Advertising', 'client'),
('013b77d6-2dc5-4453-a53a-53054daab2fa','Isla-Mae', 'House', 'Flawless Mailing', 'client'),
('671bc562-455c-43c1-8652-e61cf96cd838','Tea', 'Duggan', 'Vortex Web', 'client'),
('00241df5-c795-47f4-816b-2bdf1d9aea0c','Aaminah', 'Hartley', 'Level Web', 'client'),
('33cebbf3-054f-406c-84f8-c7ccbbb4fab3','Nabiha', 'Holden', 'Solar Entertainment', 'client'),
('b55a0317-f007-4dc5-89e0-3062fdd84972','Jaidan', 'Mays', 'Focus Mailing', 'client'),
('1d06420e-0f24-415f-a15c-9be7097b54db','Cain', 'Perkins', 'Mailingtastic', 'client'),
('650c36ea-8a9a-442d-9269-3ffb6c1f0b6f','Bessie', 'Kay', 'Byte Design', 'client'),
('66609fe2-d5c3-4947-aac3-1938fdb7a2cf','Alisha', 'Charles', 'Margin Design', 'client'),
('7ace4b76-6c5d-4c5f-afca-9c6e9694cdf2','Juniper', 'Hinton', 'Insight Web', 'client'),
('ba18947a-e19f-400f-90c6-d4ab09ff2539','Duke', 'Campos', 'Disclosure Web', 'client'),
('abdebc07-8b25-432e-bb97-539e68085304','Zaydan', 'Proctor', 'Discuss Advertising', 'client'),
('c4463f62-bfa4-444b-b92c-6d59b8f57c7b','Cherry', 'Mckee', 'Workbench Entertainment', 'client'),
('b0af626a-74da-41df-bfe6-81e0b1d26184','Amanah', 'Mejia', 'View Entertainment', 'client'),
('671dcbe0-ef39-4917-b74d-af8e8031337d','Maria', 'Bernal', 'Spark Entertainment', 'client'),
('d9fcfd06-f329-47ab-9ec7-3004e28ac619','Caius', 'Winters', 'Inform Advertising', 'client'),
('d28f5d15-2d93-45e4-815e-06db46b84c5c','Ellesha', 'Shannon', 'Pulse Mailing', 'client'),
('32cf8392-cf39-46d2-8c19-ff9808a41038','Mustafa', 'Donnelly', 'Fuel Web', 'client'),
('c15b4d3f-569c-4f8e-a0a8-2d63f39f6ff3','Celia', 'Pena', 'Bam Design', 'client'),
('545e655d-fd36-46b4-8f08-289f87e0b867','Fathima', 'Clemons', 'Advantage Web', 'client'),
('e61024ef-e015-4c92-8aab-2f8c7f0e8982','Tina', 'Martins', 'Serendipity Design', 'client'),
('033b6ba2-b941-494e-af70-0dbf99638e5c','Ellie-Mai', 'Clements', 'Fuze Mailing', 'client'),
('6bd639d5-1702-4d4c-b128-6a186b57798d','Luna', 'Stuart', 'Standard Guard', 'guard'),
('90a2be56-6596-401c-af2e-a6dcfcb3f459','Holli', 'Shepherd', 'Journal Guard', 'guard'),
('e963a784-23f3-46c7-bb01-77cfd1f94e64','Humayra', 'Rich', 'Journal Guard', 'guard'),
('3204f44e-e313-4fc6-ad50-4838cdec8a1b','Bree', 'Suarez', 'Journal Guard', 'guard'),
('029377fb-7825-4502-8daa-515027d49a7b','Ellie', 'Lowery', 'Journal Guard', 'guard'),
('3c3e9425-9f04-4dd9-ba82-c59d96f0b02f','Patricia', 'Ellwood', 'Standard Guard', 'guard'),
('85745246-6585-45c9-89ac-ddb0999cd7c3','Anand', 'Haynes', 'Protectzen', 'guard'),
('156d2e21-5554-43f8-9c1a-70106df48176','Mimi', 'Fountain', 'Standard Guard', 'guard'),
('174ca24d-8bb8-49f9-a7d1-db4412d66804','Teodor', 'Childs', 'Recorder Protection', 'guard'),
('6be387ad-b365-4077-8703-986db5ef285e','Abdur-Rahman', 'Boyd', 'Hijack Protection', 'guard'),
('c7c34440-f155-4b98-aa50-0d49464feeb3','Nikolas', 'Rossi', 'Acumen Protection', 'guard'),
('72d93839-ca2f-4920-adb2-0c95e0321d60','Winnie', 'Gill', 'Hijack Protection', 'guard'),
('2574cfe4-3609-47c9-80ba-a40a93442ed5','Arlo', 'Norris', 'Hunt Guard', 'guard'),
('529251cc-c69f-4b01-9440-e5a9528dd6af','Efa', 'Beattie', 'Protectzen', 'guard'),
('434f2ba0-82d2-484a-8f26-3cd1c90cd334','Rohan', 'Duarte', 'Standard Guard', 'guard'),
('8c235e3b-7f35-4dba-8b87-0f482f6df37d','Leen', 'Gray', 'Acumen Protection', 'guard'),
('d3453cb0-4858-401a-a410-295addd96371','Rehaan', 'Jaramillo', 'Hijack Protection', 'guard'),
('dfcfcea7-11ee-41dc-8f60-af016380592a','Olivia-Rose', 'Blackburn', 'Journal Guard', 'guard'),
('b805f385-f152-4f6f-a7cb-ebc057a8caa6','Manahil', 'Ward', 'Hunt Guard', 'guard'),
('ef3cf7da-5679-42e9-9278-b48f5c403c23','Roxanne', 'Baird', 'Recorder Protection', 'guard'),
('ef0b7160-8346-4379-ab6e-1b6ff74833c3','Kylie', 'Schmitt', 'Recorder Protection', 'guard'),
('9fb060c5-304d-48f8-b793-d9667ccdc85b','Bethany', 'Alfaro', 'Hunt Guard', 'guard'),
('8dc54280-a0ed-4ab8-a444-4655578742aa','Reagan', 'Whittington', 'Acumen Protection', 'guard'),
('d23f1398-7ba7-49d5-b09a-ddc1025ba04e','Carmel', 'Correa', 'Acumen Protection', 'guard'),
('41149fa6-8315-42c7-8f75-719930663322','Faisal', 'David', 'Protectzen', 'guard');

insert into guards (id, user_id, geolocation, available) values
(1, '6bd639d5-1702-4d4c-b128-6a186b57798d', 'POINT(27.072326 53.784224)', false),
(2, '90a2be56-6596-401c-af2e-a6dcfcb3f459', 'POINT(27.755139 53.790631)', true),
(3, 'e963a784-23f3-46c7-bb01-77cfd1f94e64', 'POINT(27.499325 53.192546)', false),
(4, '3204f44e-e313-4fc6-ad50-4838cdec8a1b', 'POINT(27.778597 53.199531)', false),
(5, '029377fb-7825-4502-8daa-515027d49a7b', 'POINT(27.908539 53.807298)', true),
(6, '3c3e9425-9f04-4dd9-ba82-c59d96f0b02f', 'POINT(27.945174 53.373492)', false),
(7, '85745246-6585-45c9-89ac-ddb0999cd7c3', 'POINT(27.255026 53.502951)', false),
(8, '156d2e21-5554-43f8-9c1a-70106df48176', 'POINT(27.770047 53.808649)', false),
(9, '174ca24d-8bb8-49f9-a7d1-db4412d66804', 'POINT(27.861097 53.534847)', false),
(10, '6be387ad-b365-4077-8703-986db5ef285e', 'POINT(27.375301 53.341193)', false),
(11, 'c7c34440-f155-4b98-aa50-0d49464feeb3', 'POINT(27.987531 53.198335)', true),
(12, '72d93839-ca2f-4920-adb2-0c95e0321d60', 'POINT(27.866484 53.917383)', false),
(13, '2574cfe4-3609-47c9-80ba-a40a93442ed5', 'POINT(27.162223 53.275337)', false),
(14, '529251cc-c69f-4b01-9440-e5a9528dd6af', 'POINT(27.04937 53.553534)', false),
(15, '434f2ba0-82d2-484a-8f26-3cd1c90cd334', 'POINT(27.281119 53.509833)', true),
(16, '8c235e3b-7f35-4dba-8b87-0f482f6df37d', 'POINT(27.682989 53.628656)', false),
(17, 'd3453cb0-4858-401a-a410-295addd96371', 'POINT(27.51422 53.916426)', true),
(18, 'dfcfcea7-11ee-41dc-8f60-af016380592a', 'POINT(27.225658 53.575578)', false),
(19, 'b805f385-f152-4f6f-a7cb-ebc057a8caa6', 'POINT(27.231815 53.859657)', true),
(20, 'ef3cf7da-5679-42e9-9278-b48f5c403c23', 'POINT(27.390781 53.19116)', true),
(21, 'ef0b7160-8346-4379-ab6e-1b6ff74833c3', 'POINT(27.096873 53.732563)', false),
(22, '9fb060c5-304d-48f8-b793-d9667ccdc85b', 'POINT(27.917107 53.484932)', false),
(23, '8dc54280-a0ed-4ab8-a444-4655578742aa', 'POINT(27.94199 53.307324)', false),
(24, 'd23f1398-7ba7-49d5-b09a-ddc1025ba04e', 'POINT(27.625496 53.035789)', false),
(25, '41149fa6-8315-42c7-8f75-719930663322', 'POINT(27.36253 53.317779)', true);

INSERT INTO panics (user_id , geolocation, guard_id, resolved_at) VALUES
('5e5de8f2-a152-4285-b7a2-f072ae5bb1ee', 'POINT(27.573652 53.976944)', null, null),
('5e5de8f2-a152-4285-b7a2-f072ae5bb1ee', 'POINT(27.075732 53.471398)', 11, '2020-11-12T14:48:00.025Z'),
('5e5de8f2-a152-4285-b7a2-f072ae5bb1ee', 'POINT(27.083318 53.991055)', 22, '2020-11-12T14:48:00.025Z'),
('5e5de8f2-a152-4285-b7a2-f072ae5bb1ee', 'POINT(27.768852 53.811114)', 7, '2020-11-12T14:48:00.025Z'),
('5e5de8f2-a152-4285-b7a2-f072ae5bb1ee', 'POINT(27.063769 53.180045)', 21, '2020-11-12T14:48:00.025Z'),
('5e5de8f2-a152-4285-b7a2-f072ae5bb1ee', 'POINT(27.434608 53.295209)', 13, '2020-11-12T14:48:00.025Z'),
('5e5de8f2-a152-4285-b7a2-f072ae5bb1ee', 'POINT(27.529611 53.086868)', 21, '2020-11-12T14:48:00.026Z'),
('5e5de8f2-a152-4285-b7a2-f072ae5bb1ee', 'POINT(27.031073 53.041293)', null, null),
('5e5de8f2-a152-4285-b7a2-f072ae5bb1ee', 'POINT(27.48281 53.48513)', 14, '2020-11-12T14:48:00.026Z'),
('5e5de8f2-a152-4285-b7a2-f072ae5bb1ee', 'POINT(27.38638 53.185868)', null, null),
('5e5de8f2-a152-4285-b7a2-f072ae5bb1ee', 'POINT(27.674316 53.146155)', null, null),
('5e5de8f2-a152-4285-b7a2-f072ae5bb1ee', 'POINT(27.878594 53.07108)', null, null),
('5e5de8f2-a152-4285-b7a2-f072ae5bb1ee', 'POINT(27.168086 53.271007)', null, null),
('5e5de8f2-a152-4285-b7a2-f072ae5bb1ee', 'POINT(27.027798 53.70953)', 4, '2020-11-12T14:48:00.026Z'),
('5e5de8f2-a152-4285-b7a2-f072ae5bb1ee', 'POINT(27.112645 53.016021)', 10, '2020-11-12T14:48:00.026Z'),
('5e5de8f2-a152-4285-b7a2-f072ae5bb1ee', 'POINT(27.425821 53.579798)', 6, '2020-11-12T14:48:00.026Z'),
('5e5de8f2-a152-4285-b7a2-f072ae5bb1ee', 'POINT(27.664537 53.571559)', 15, '2020-11-12T14:48:00.026Z'),
('5e5de8f2-a152-4285-b7a2-f072ae5bb1ee', 'POINT(27.829648 53.657574)', 14, '2020-11-12T14:48:00.026Z'),
('5e5de8f2-a152-4285-b7a2-f072ae5bb1ee', 'POINT(27.719685 53.009484)', 22, '2020-11-12T14:48:00.026Z'),
('5e5de8f2-a152-4285-b7a2-f072ae5bb1ee', 'POINT(27.966325 53.528323)', null, null),
('5e5de8f2-a152-4285-b7a2-f072ae5bb1ee', 'POINT(27.723615 53.096463)', 11, '2020-11-12T14:48:00.026Z'),
('5e5de8f2-a152-4285-b7a2-f072ae5bb1ee', 'POINT(27.086327 53.527215)', 8, '2020-11-12T14:48:00.026Z'),
('5e5de8f2-a152-4285-b7a2-f072ae5bb1ee', 'POINT(27.151893 53.773645)', null, null),
('5e5de8f2-a152-4285-b7a2-f072ae5bb1ee', 'POINT(27.390303 53.013662)', 22, '2020-11-12T14:48:00.026Z'),
('5e5de8f2-a152-4285-b7a2-f072ae5bb1ee', 'POINT(27.542073 53.068517)', null, null),
('5e5de8f2-a152-4285-b7a2-f072ae5bb1ee', 'POINT(27.229923 53.660447)', null, null),
('5e5de8f2-a152-4285-b7a2-f072ae5bb1ee', 'POINT(27.492919 53.256167)', 18, '2020-11-12T14:48:00.026Z'),
('5e5de8f2-a152-4285-b7a2-f072ae5bb1ee', 'POINT(27.681471 53.419)', 2, '2020-11-12T14:48:00.026Z'),
('5e5de8f2-a152-4285-b7a2-f072ae5bb1ee', 'POINT(27.284601 53.97129)', null, null),
('5e5de8f2-a152-4285-b7a2-f072ae5bb1ee', 'POINT(27.157414 53.824906)', 18, '2020-11-12T14:48:00.026Z'),
('5e5de8f2-a152-4285-b7a2-f072ae5bb1ee', 'POINT(27.799968 53.972588)', null, null),
('5e5de8f2-a152-4285-b7a2-f072ae5bb1ee', 'POINT(27.551413 53.650133)', 18, '2020-11-12T14:48:00.026Z'),
('5e5de8f2-a152-4285-b7a2-f072ae5bb1ee', 'POINT(27.554164 53.448703)', null, null),
('5e5de8f2-a152-4285-b7a2-f072ae5bb1ee', 'POINT(27.932164 53.11104)', null, null),
('5e5de8f2-a152-4285-b7a2-f072ae5bb1ee', 'POINT(27.070526 53.088935)', 5, '2020-11-12T14:48:00.026Z'),
('5e5de8f2-a152-4285-b7a2-f072ae5bb1ee', 'POINT(27.728586 53.372244)', null, null),
('5e5de8f2-a152-4285-b7a2-f072ae5bb1ee', 'POINT(27.630997 53.303198)', null, null),
('5e5de8f2-a152-4285-b7a2-f072ae5bb1ee', 'POINT(27.622519 53.122832)', 15, '2020-11-12T14:48:00.026Z'),
('5e5de8f2-a152-4285-b7a2-f072ae5bb1ee', 'POINT(27.821021 53.568395)', 22, '2020-11-12T14:48:00.026Z'),
('5e5de8f2-a152-4285-b7a2-f072ae5bb1ee', 'POINT(27.125861 53.937878)', null, null),
('5e5de8f2-a152-4285-b7a2-f072ae5bb1ee', 'POINT(27.359063 53.00935)', 23, '2020-11-12T14:48:00.026Z'),
('5e5de8f2-a152-4285-b7a2-f072ae5bb1ee', 'POINT(27.042476 53.079318)', null, null),
('5e5de8f2-a152-4285-b7a2-f072ae5bb1ee', 'POINT(27.967732 53.128705)', null, null),
('5e5de8f2-a152-4285-b7a2-f072ae5bb1ee', 'POINT(27.243202 53.281088)', 11, '2020-11-12T14:48:00.026Z'),
('5e5de8f2-a152-4285-b7a2-f072ae5bb1ee', 'POINT(27.512123 53.642078)', 3, '2020-11-12T14:48:00.026Z'),
('5e5de8f2-a152-4285-b7a2-f072ae5bb1ee', 'POINT(27.043883 53.237453)', null, null),
('5e5de8f2-a152-4285-b7a2-f072ae5bb1ee', 'POINT(27.074564 53.730937)', null, null),
('5e5de8f2-a152-4285-b7a2-f072ae5bb1ee', 'POINT(27.909322 53.444542)', 3, '2020-11-12T14:48:00.026Z'),
('5e5de8f2-a152-4285-b7a2-f072ae5bb1ee', 'POINT(27.968739 53.476856)', 11, '2020-11-12T14:48:00.026Z'),
('5e5de8f2-a152-4285-b7a2-f072ae5bb1ee', 'POINT(27.196202 53.88159)', 5, '2020-11-12T14:48:00.026Z');